"SchemaName","TableName","ColumnName","InERP1","InERP2","ERP1Shape","ERP2Shape","Difference"
"dbo","AllQuotes","DescriptID","1","1","varchar(28,0,0) null=1 identity=0 ord=88 default=","varchar(25,0,0) null=1 identity=0 ord=88 default=","Shape differs"
"dbo","AppErrorLog","Level","1","1","nvarchar(32,0,0) null=1 identity=0 ord=4 default=","nvarchar(64,0,0) null=1 identity=0 ord=4 default=","Shape differs"
"dbo","CompanyPlant","CageCode","0","1","","nvarchar(20,0,0) null=1 identity=0 ord=19 default=","Column only ERP_2"
"dbo","CompanyPlant","CertReportLine","0","1","","nvarchar(400,0,0) null=1 identity=0 ord=20 default=","Column only ERP_2"
"dbo","CompanyProfile","Addr1","1","0","nvarchar(160,0,0) null=1 identity=0 ord=6 default=","","Column only ERP_1"
"dbo","CompanyProfile","Addr2","1","0","nvarchar(160,0,0) null=1 identity=0 ord=7 default=","","Column only ERP_1"
"dbo","CompanyProfile","As9100CertNo","1","1","nvarchar(80,0,0) null=1 identity=0 ord=26 default=","nvarchar(80,0,0) null=1 identity=0 ord=18 default=","Shape differs"
"dbo","CompanyProfile","As9100ExpDate","1","1","date(3,10,0) null=1 identity=0 ord=27 default=","date(3,10,0) null=1 identity=0 ord=20 default=","Shape differs"
"dbo","CompanyProfile","As9100Registrar","1","1","nvarchar(160,0,0) null=1 identity=0 ord=52 default=","nvarchar(160,0,0) null=1 identity=0 ord=19 default=","Shape differs"
"dbo","CompanyProfile","CageCode","1","1","nvarchar(20,0,0) null=1 identity=0 ord=17 default=","nvarchar(20,0,0) null=1 identity=0 ord=9 default=","Shape differs"
"dbo","CompanyProfile","CertCertifyText","1","1","nvarchar(-1,0,0) null=1 identity=0 ord=45 default=","nvarchar(-1,0,0) null=1 identity=0 ord=28 default=","Shape differs"
"dbo","CompanyProfile","CertDisclaimerText","1","1","nvarchar(-1,0,0) null=1 identity=0 ord=47 default=","nvarchar(-1,0,0) null=1 identity=0 ord=30 default=","Shape differs"
"dbo","CompanyProfile","CertFooterText","1","1","nvarchar(-1,0,0) null=1 identity=0 ord=46 default=","nvarchar(-1,0,0) null=1 identity=0 ord=29 default=","Shape differs"
"dbo","CompanyProfile","CertHeaderText","1","1","nvarchar(-1,0,0) null=1 identity=0 ord=44 default=","nvarchar(-1,0,0) null=1 identity=0 ord=27 default=","Shape differs"
"dbo","CompanyProfile","City","1","0","nvarchar(120,0,0) null=1 identity=0 ord=8 default=","","Column only ERP_1"
"dbo","CompanyProfile","Country","1","0","nvarchar(80,0,0) null=1 identity=0 ord=11 default=('USA')","","Column only ERP_1"
"dbo","CompanyProfile","DunsNumber","1","1","nvarchar(30,0,0) null=1 identity=0 ord=18 default=","nvarchar(30,0,0) null=1 identity=0 ord=10 default=","Shape differs"
"dbo","CompanyProfile","EinNumber","1","1","nvarchar(30,0,0) null=1 identity=0 ord=20 default=","nvarchar(30,0,0) null=1 identity=0 ord=12 default=","Shape differs"
"dbo","CompanyProfile","Fax","1","0","nvarchar(50,0,0) null=1 identity=0 ord=13 default=","","Column only ERP_1"
"dbo","CompanyProfile","IconImage","1","1","varbinary(-1,0,0) null=1 identity=0 ord=54 default=","varbinary(-1,0,0) null=1 identity=0 ord=23 default=","Shape differs"
"dbo","CompanyProfile","IconMime","1","1","nvarchar(80,0,0) null=1 identity=0 ord=55 default=","nvarchar(80,0,0) null=1 identity=0 ord=24 default=","Shape differs"
"dbo","CompanyProfile","IconPath","1","0","nvarchar(520,0,0) null=1 identity=0 ord=30 default=","","Column only ERP_1"
"dbo","CompanyProfile","Iso9001CertNo","1","1","nvarchar(80,0,0) null=1 identity=0 ord=23 default=","nvarchar(80,0,0) null=1 identity=0 ord=15 default=","Shape differs"
"dbo","CompanyProfile","Iso9001ExpDate","1","1","date(3,10,0) null=1 identity=0 ord=25 default=","date(3,10,0) null=1 identity=0 ord=17 default=","Shape differs"
"dbo","CompanyProfile","Iso9001Registrar","1","1","nvarchar(160,0,0) null=1 identity=0 ord=24 default=","nvarchar(160,0,0) null=1 identity=0 ord=16 default=","Shape differs"
"dbo","CompanyProfile","ItarRegNumber","1","1","nvarchar(60,0,0) null=1 identity=0 ord=22 default=","nvarchar(60,0,0) null=1 identity=0 ord=14 default=","Shape differs"
"dbo","CompanyProfile","LogoImage","1","1","varbinary(-1,0,0) null=1 identity=0 ord=29 default=","varbinary(-1,0,0) null=1 identity=0 ord=21 default=","Shape differs"
"dbo","CompanyProfile","LogoMime","1","1","nvarchar(80,0,0) null=1 identity=0 ord=53 default=","nvarchar(80,0,0) null=1 identity=0 ord=22 default=","Shape differs"
"dbo","CompanyProfile","LogoPath","1","0","nvarchar(520,0,0) null=1 identity=0 ord=28 default=","","Column only ERP_1"
"dbo","CompanyProfile","ModifiedBy","1","1","nvarchar(160,0,0) null=0 identity=0 ord=50 default=(suser_sname())","nvarchar(160,0,0) null=0 identity=0 ord=31 default=(suser_sname())","Shape differs"
"dbo","CompanyProfile","ModifiedDate","1","1","datetime2(8,27,7) null=0 identity=0 ord=51 default=(sysdatetime())","datetime2(6,19,0) null=0 identity=0 ord=32 default=(sysdatetime())","Shape differs"
"dbo","CompanyProfile","NaicsCode","1","1","nvarchar(20,0,0) null=1 identity=0 ord=21 default=","nvarchar(20,0,0) null=1 identity=0 ord=13 default=","Shape differs"
"dbo","CompanyProfile","OwnerName","1","0","nvarchar(160,0,0) null=1 identity=0 ord=40 default=","","Column only ERP_1"
"dbo","CompanyProfile","OwnerSigImage","1","0","varbinary(-1,0,0) null=1 identity=0 ord=43 default=","","Column only ERP_1"
"dbo","CompanyProfile","OwnerSigPath","1","0","nvarchar(520,0,0) null=1 identity=0 ord=42 default=","","Column only ERP_1"
"dbo","CompanyProfile","OwnerTitle","1","0","nvarchar(160,0,0) null=1 identity=0 ord=41 default=('Owner')","","Column only ERP_1"
"dbo","CompanyProfile","Phone","1","0","nvarchar(50,0,0) null=1 identity=0 ord=12 default=","","Column only ERP_1"
"dbo","CompanyProfile","PlantPrimaryName","1","0","nvarchar(120,0,0) null=1 identity=0 ord=48 default=","","Column only ERP_1"
"dbo","CompanyProfile","PlantSecondaryName","1","0","nvarchar(120,0,0) null=1 identity=0 ord=49 default=","","Column only ERP_1"
"dbo","CompanyProfile","PMName","1","0","nvarchar(160,0,0) null=1 identity=0 ord=36 default=","","Column only ERP_1"
"dbo","CompanyProfile","PMSigImage","1","0","varbinary(-1,0,0) null=1 identity=0 ord=39 default=","","Column only ERP_1"
"dbo","CompanyProfile","PMSigPath","1","0","nvarchar(520,0,0) null=1 identity=0 ord=38 default=","","Column only ERP_1"
"dbo","CompanyProfile","PMTitle","1","0","nvarchar(160,0,0) null=1 identity=0 ord=37 default=('Production Manager')","","Column only ERP_1"
"dbo","CompanyProfile","PostalCode","1","0","nvarchar(30,0,0) null=1 identity=0 ord=10 default=","","Column only ERP_1"
"dbo","CompanyProfile","QMName","1","0","nvarchar(160,0,0) null=1 identity=0 ord=32 default=","","Column only ERP_1"
"dbo","CompanyProfile","QMSigImage","1","0","varbinary(-1,0,0) null=1 identity=0 ord=35 default=","","Column only ERP_1"
"dbo","CompanyProfile","QMSigPath","1","0","nvarchar(520,0,0) null=1 identity=0 ord=34 default=","","Column only ERP_1"
"dbo","CompanyProfile","QMTitle","1","0","nvarchar(160,0,0) null=1 identity=0 ord=33 default=('Quality Manager')","","Column only ERP_1"
"dbo","CompanyProfile","QualityEmail","1","1","nvarchar(240,0,0) null=1 identity=0 ord=15 default=","nvarchar(240,0,0) null=1 identity=0 ord=7 default=","Shape differs"
"dbo","CompanyProfile","SalesEmail","1","1","nvarchar(240,0,0) null=1 identity=0 ord=14 default=","nvarchar(240,0,0) null=1 identity=0 ord=6 default=","Shape differs"
"dbo","CompanyProfile","StateCode","1","0","char(2,0,0) null=1 identity=0 ord=9 default=","","Column only ERP_1"
"dbo","CompanyProfile","UeiNumber","1","1","nvarchar(30,0,0) null=1 identity=0 ord=19 default=","nvarchar(30,0,0) null=1 identity=0 ord=11 default=","Shape differs"
"dbo","CompanyProfile","WatermarkImage","1","1","varbinary(-1,0,0) null=1 identity=0 ord=56 default=","varbinary(-1,0,0) null=1 identity=0 ord=25 default=","Shape differs"
"dbo","CompanyProfile","WatermarkMime","1","1","nvarchar(80,0,0) null=1 identity=0 ord=57 default=","nvarchar(80,0,0) null=1 identity=0 ord=26 default=","Shape differs"
"dbo","CompanyProfile","WatermarkPath","1","0","nvarchar(520,0,0) null=1 identity=0 ord=31 default=","","Column only ERP_1"
"dbo","CompanyProfile","Website","1","1","nvarchar(240,0,0) null=1 identity=0 ord=16 default=","nvarchar(240,0,0) null=1 identity=0 ord=8 default=","Shape differs"
"dbo","CREDITREF","Company","1","0","char(50,0,0) null=1 identity=0 ord=1 default=","","Column only ERP_1"
"dbo","CREDITREF","ID","1","0","int(4,10,0) null=0 identity=1 ord=8 default=","","Column only ERP_1"
"dbo","CREDITREF","reserved0","1","0","char(255,0,0) null=1 identity=0 ord=3 default=","","Column only ERP_1"
"dbo","CREDITREF","reserved1","1","0","int(4,10,0) null=1 identity=0 ord=4 default=","","Column only ERP_1"
"dbo","CREDITREF","reserved2","1","0","int(4,10,0) null=1 identity=0 ord=5 default=","","Column only ERP_1"
"dbo","CREDITREF","reserved3","1","0","int(4,10,0) null=1 identity=0 ord=6 default=","","Column only ERP_1"
"dbo","CREDITREF","reserved4","1","0","int(4,10,0) null=1 identity=0 ord=7 default=","","Column only ERP_1"
"dbo","CREDITREF","ScanDate","1","0","smalldatetime(4,16,0) null=1 identity=0 ord=2 default=","","Column only ERP_1"
"dbo","CUSTOMER TERMS and List","Bill to Address-Line One","0","1","","nvarchar(100,0,0) null=1 identity=0 ord=5 default=","Column only ERP_2"
"dbo","CUSTOMER TERMS and List","Bill to Address-Line Two","0","1","","nvarchar(100,0,0) null=1 identity=0 ord=6 default=","Column only ERP_2"
"dbo","CUSTOMER TERMS and List","Bill to City","0","1","","nvarchar(100,0,0) null=1 identity=0 ord=7 default=","Column only ERP_2"
"dbo","CUSTOMER TERMS and List","Bill to Country","0","1","","nvarchar(100,0,0) null=1 identity=0 ord=10 default=","Column only ERP_2"
"dbo","CUSTOMER TERMS and List","Bill to State","0","1","","nvarchar(100,0,0) null=1 identity=0 ord=8 default=","Column only ERP_2"
"dbo","CUSTOMER TERMS and List","Bill to Zip","0","1","","nvarchar(100,0,0) null=1 identity=0 ord=9 default=","Column only ERP_2"
"dbo","CUSTOMER TERMS and List","C O D  Terms","0","1","","nvarchar(100,0,0) null=1 identity=0 ord=16 default=","Column only ERP_2"
"dbo","CUSTOMER TERMS and List","Contact","0","1","","nvarchar(100,0,0) null=1 identity=0 ord=4 default=","Column only ERP_2"
"dbo","CUSTOMER TERMS and List","CREDIT INFO","0","1","","nvarchar(100,0,0) null=1 identity=0 ord=21 default=","Column only ERP_2"
"dbo","CUSTOMER TERMS and List","Credit Limit","0","1","","nvarchar(100,0,0) null=1 identity=0 ord=20 default=","Column only ERP_2"
"dbo","CUSTOMER TERMS and List","Credit Status","0","1","","nvarchar(100,0,0) null=1 identity=0 ord=26 default=","Column only ERP_2"
"dbo","CUSTOMER TERMS and List","Current Balance","0","1","","nvarchar(100,0,0) null=1 identity=0 ord=25 default=","Column only ERP_2"
"dbo","CUSTOMER TERMS and List","Customer ID","0","1","","nvarchar(100,0,0) null=1 identity=0 ord=1 default=","Column only ERP_2"
"dbo","CUSTOMER TERMS and List","Customer Name","0","1","","nvarchar(100,0,0) null=1 identity=0 ord=2 default=","Column only ERP_2"
"dbo","CUSTOMER TERMS and List","Customer Since Date","0","1","","nvarchar(100,0,0) null=1 identity=0 ord=23 default=","Column only ERP_2"
"dbo","CUSTOMER TERMS and List","Customer Type","0","1","","nvarchar(100,0,0) null=1 identity=0 ord=11 default=","Column only ERP_2"
"dbo","CUSTOMER TERMS and List","dtDate","0","1","","datetime(8,23,3) null=0 identity=0 ord=27 default=(getdate())","Column only ERP_2"
"dbo","CUSTOMER TERMS and List","Due Days","0","1","","nvarchar(100,0,0) null=1 identity=0 ord=19 default=","Column only ERP_2"
"dbo","CUSTOMER TERMS and List","Fax Number","0","1","","nvarchar(100,0,0) null=1 identity=0 ord=13 default=","Column only ERP_2"
"dbo","CUSTOMER TERMS and List","Inactive","0","1","","nvarchar(100,0,0) null=1 identity=0 ord=3 default=","Column only ERP_2"
"dbo","CUSTOMER TERMS and List","Last Invoice Date","0","1","","nvarchar(100,0,0) null=1 identity=0 ord=24 default=","Column only ERP_2"
"dbo","CUSTOMER TERMS and List","MISC  INFO","0","1","","nvarchar(100,0,0) null=1 identity=0 ord=22 default=","Column only ERP_2"
"dbo","CUSTOMER TERMS and List","Prepaid Terms","0","1","","nvarchar(100,0,0) null=1 identity=0 ord=17 default=","Column only ERP_2"
"dbo","CUSTOMER TERMS and List","Pricing Level","0","1","","nvarchar(100,0,0) null=1 identity=0 ord=14 default=","Column only ERP_2"
"dbo","CUSTOMER TERMS and List","Telephone 1","0","1","","nvarchar(100,0,0) null=1 identity=0 ord=12 default=","Column only ERP_2"
"dbo","CUSTOMER TERMS and List","Terms Type","0","1","","nvarchar(100,0,0) null=1 identity=0 ord=18 default=","Column only ERP_2"
"dbo","CUSTOMER TERMS and List","Use Standard Terms","0","1","","nvarchar(100,0,0) null=1 identity=0 ord=15 default=","Column only ERP_2"
"dbo","HPAcertPdf","CertNumber","1","0","nvarchar(80,0,0) null=1 identity=0 ord=4 default=","","Column only ERP_1"
"dbo","HPAcertPdf","CompanySnapshotJson","1","0","nvarchar(-1,0,0) null=0 identity=0 ord=11 default=","","Column only ERP_1"
"dbo","HPAcertPdf","CustomerName","1","0","nvarchar(240,0,0) null=1 identity=0 ord=6 default=","","Column only ERP_1"
"dbo","HPAcertPdf","HPAcertKey","1","0","nvarchar(100,0,0) null=0 identity=0 ord=2 default=","","Column only ERP_1"
"dbo","HPAcertPdf","PdfBlob","1","0","varbinary(-1,0,0) null=0 identity=0 ord=7 default=","","Column only ERP_1"
"dbo","HPAcertPdf","PdfId","1","0","bigint(8,19,0) null=0 identity=1 ord=1 default=","","Column only ERP_1"
"dbo","HPAcertPdf","PdfMime","1","0","nvarchar(80,0,0) null=0 identity=0 ord=8 default=('application/pdf')","","Column only ERP_1"
"dbo","HPAcertPdf","PdfSha256","1","0","binary(32,0,0) null=0 identity=0 ord=10 default=","","Column only ERP_1"
"dbo","HPAcertPdf","PdfSizeBytes","1","0","int(4,10,0) null=0 identity=0 ord=9 default=","","Column only ERP_1"
"dbo","HPAcertPdf","PlantId","1","0","int(4,10,0) null=0 identity=0 ord=3 default=","","Column only ERP_1"
"dbo","HPAcertPdf","PlantSnapshotJson","1","0","nvarchar(-1,0,0) null=0 identity=0 ord=12 default=","","Column only ERP_1"
"dbo","HPAcertPdf","RenderedBy","1","0","nvarchar(160,0,0) null=0 identity=0 ord=17 default=(suser_sname())","","Column only ERP_1"
"dbo","HPAcertPdf","RenderedUtc","1","0","datetime2(6,19,0) null=0 identity=0 ord=16 default=(sysutcdatetime())","","Column only ERP_1"
"dbo","HPAcertPdf","RenderEngine","1","0","nvarchar(80,0,0) null=0 identity=0 ord=14 default=","","Column only ERP_1"
"dbo","HPAcertPdf","RenderEngineVersion","1","0","nvarchar(80,0,0) null=1 identity=0 ord=15 default=","","Column only ERP_1"
"dbo","HPAcertPdf","ReprintOfPdfId","1","0","bigint(8,19,0) null=1 identity=0 ord=18 default=","","Column only ERP_1"
"dbo","HPAcertPdf","SignerSnapshotJson","1","0","nvarchar(-1,0,0) null=0 identity=0 ord=13 default=","","Column only ERP_1"
"dbo","HPAcertPdf","WorkOrderNumber","1","0","nvarchar(80,0,0) null=1 identity=0 ord=5 default=","","Column only ERP_1"
"dbo","PriceTable","costCurr","1","1","money(8,19,4) null=1 identity=0 ord=25 default=((0))","money(8,19,4) null=1 identity=0 ord=25 default=","Shape differs"
"dbo","PriceTable","DescriptID","1","0","varchar(28,0,0) null=1 identity=0 ord=39 default=","","Column only ERP_1"
"dbo","sysdiagrams","definition","1","0","varbinary(-1,0,0) null=1 identity=0 ord=5 default=","","Column only ERP_1"
"dbo","sysdiagrams","diagram_id","1","0","int(4,10,0) null=0 identity=1 ord=3 default=","","Column only ERP_1"
"dbo","sysdiagrams","name","1","0","sysname(256,0,0) null=0 identity=0 ord=1 default=","","Column only ERP_1"
"dbo","sysdiagrams","principal_id","1","0","int(4,10,0) null=0 identity=0 ord=2 default=","","Column only ERP_1"
"dbo","sysdiagrams","version","1","0","int(4,10,0) null=1 identity=0 ord=4 default=","","Column only ERP_1"
"dbo","WindfallSTK_2025","?WEIGHT 1","1","0","varchar(255,0,0) null=1 identity=0 ord=7 default=","","Column only ERP_1"
"dbo","WindfallSTK_2025","Alloy","1","0","char(12,0,0) null=0 identity=0 ord=10 default=","","Column only ERP_1"
"dbo","WindfallSTK_2025","ALLOY 1","1","0","nvarchar(510,0,0) null=1 identity=0 ord=2 default=","","Column only ERP_1"
"dbo","WindfallSTK_2025","ChangeDate","1","0","datetime(8,23,3) null=1 identity=0 ord=21 default=","","Column only ERP_1"
"dbo","WindfallSTK_2025","Detail_ID","1","0","int(4,10,0) null=1 identity=0 ord=25 default=","","Column only ERP_1"
"dbo","WindfallSTK_2025","DIMENSIONS1","1","0","nvarchar(510,0,0) null=1 identity=0 ord=6 default=","","Column only ERP_1"
"dbo","WindfallSTK_2025","FoundTwin","1","0","bit(1,1,0) null=1 identity=0 ord=19 default=","","Column only ERP_1"
"dbo","WindfallSTK_2025","Heat","1","0","char(50,0,0) null=0 identity=0 ord=11 default=","","Column only ERP_1"
"dbo","WindfallSTK_2025","HEAT NUMBER 1","1","0","nvarchar(510,0,0) null=1 identity=0 ord=3 default=","","Column only ERP_1"
"dbo","WindfallSTK_2025","Hist_ID","1","0","int(4,10,0) null=1 identity=0 ord=26 default=","","Column only ERP_1"
"dbo","WindfallSTK_2025","Hist_ID_Detail","1","0","int(4,10,0) null=1 identity=0 ord=27 default=","","Column only ERP_1"
"dbo","WindfallSTK_2025","id","1","0","int(4,10,0) null=0 identity=0 ord=1 default=","","Column only ERP_1"
"dbo","WindfallSTK_2025","INV UPDATED1","1","0","nvarchar(510,0,0) null=1 identity=0 ord=9 default=","","Column only ERP_1"
"dbo","WindfallSTK_2025","loc","1","0","char(10,0,0) null=0 identity=0 ord=18 default=","","Column only ERP_1"
"dbo","WindfallSTK_2025","LOCATION 1","1","0","nvarchar(510,0,0) null=1 identity=0 ord=8 default=","","Column only ERP_1"
"dbo","WindfallSTK_2025","Lot","1","0","char(10,0,0) null=1 identity=0 ord=12 default=","","Column only ERP_1"
"dbo","WindfallSTK_2025","madeChange","1","0","bit(1,1,0) null=1 identity=0 ord=20 default=","","Column only ERP_1"
"dbo","WindfallSTK_2025","Master_ID","1","0","int(4,10,0) null=1 identity=0 ord=22 default=","","Column only ERP_1"
"dbo","WindfallSTK_2025","Master_ID2","1","0","int(4,10,0) null=1 identity=0 ord=23 default=","","Column only ERP_1"
"dbo","WindfallSTK_2025","Master_ID3","1","0","int(4,10,0) null=1 identity=0 ord=24 default=","","Column only ERP_1"
"dbo","WindfallSTK_2025","PC","1","0","int(4,10,0) null=0 identity=0 ord=13 default=","","Column only ERP_1"
"dbo","WindfallSTK_2025","PC COUNT 1","1","0","nvarchar(510,0,0) null=1 identity=0 ord=4 default=","","Column only ERP_1"
"dbo","WindfallSTK_2025","Sz2","1","0","float(8,53,0) null=1 identity=0 ord=15 default=","","Column only ERP_1"
"dbo","WindfallSTK_2025","Sz3","1","0","float(8,53,0) null=1 identity=0 ord=16 default=","","Column only ERP_1"
"dbo","WindfallSTK_2025","Thck","1","0","numeric(5,8,4) null=1 identity=0 ord=14 default=","","Column only ERP_1"
"dbo","WindfallSTK_2025","THICKNESS1","1","0","varchar(255,0,0) null=1 identity=0 ord=5 default=","","Column only ERP_1"
"dbo","WindfallSTK_2025","weight","1","0","decimal(5,7,1) null=1 identity=0 ord=17 default=","","Column only ERP_1"
