"SchemaName","TableName","ERP1Rows","ERP2Rows","ERP2MinusERP1","Difference"
"dbo","NR_DateLookup","0","17999","17999","Row count differs"
"dbo","AppErrorLog","6606","0","-6606","Row count differs"
"dbo","NR_DimGeography","0","655","655","Row count differs"
"dbo","NR_AreaCodes","0","300","300","Row count differs"
"dbo","NR_Country Data","0","246","246","Row count differs"
"dbo","NR_CountryCodes","0","245","245","Row count differs"
"dbo","StockLst_Vendor","132","0","-132","Row count differs"
"dbo","NR_HPA_Holidays","0","60","60","Row count differs"
"dbo","NR_States","0","51","51","Row count differs"
"dbo","NR_SalesDistrictStates","0","50","50","Row count differs"
"dbo","Errors","46","0","-46","Row count differs"
"dbo","NR_OT_Job","0","42","42","Row count differs"
"dbo","NR_UserTrack","38","0","-38","Row count differs"
"dbo","AppSetup","37","0","-37","Row count differs"
"dbo","NR_TC_Replacement_Employees","0","25","25","Row count differs"
"dbo","CompanyAuditLog","15","3","-12","Row count differs"
"dbo","NR_OT_OrderType","0","7","7","Row count differs"
"dbo","NR_PurchaseOrder_Company","0","7","7","Row count differs"
"dbo","NR_TimeClock_JobCode","0","5","5","Row count differs"
"dbo","CompanyProfileHistory","4","1","-3","Row count differs"
"dbo","AppUserGrant","2","0","-2","Row count differs"
"dbo","AppUsers","3","1","-2","Row count differs"
"dbo","AllQuotes","101","100","-1","Row count differs"
"dbo","QuickCompany","706","705","-1","Row count differs"
"dbo","CREDITREF","0","","0","Only ERP_1"
"dbo","CUSTOMER TERMS and List","","0","0","Only ERP_2"
"dbo","HPAcertPdf","0","","0","Only ERP_1"
"dbo","sysdiagrams","0","","0","Only ERP_1"
"dbo","WindfallSTK_2025","0","","0","Only ERP_1"
"dbo","AcctCost_Cert","0","0","0","Same row count"
"dbo","AcctCost_Mach","0","0","0","Same row count"
"dbo","AcctCost_POitem","0","0","0","Same row count"
"dbo","AcctCost_SOitem","0","0","0","Same row count"
"dbo","AcctCost_WO","0","0","0","Same row count"
"dbo","AcctCost_WOD","0","0","0","Same row count"
"dbo","AcctCosting","0","0","0","Same row count"
"dbo","ActionRequest","0","0","0","Same row count"
"dbo","AdminUser","1","1","0","Same row count"
"dbo","Alloy","441","441","0","Same row count"
"dbo","Alloy_AlloyCategory","27","27","0","Same row count"
"dbo","Alloy_GL","89","89","0","Same row count"
"dbo","Alloy_Spec","22","22","0","Same row count"
"dbo","AlloyCategory","3","3","0","Same row count"
"dbo","Alloys","1271","1271","0","Same row count"
"dbo","AlloySurcharge","1","1","0","Same row count"
"dbo","AllQuotes_test","0","0","0","Same row count"
"dbo","AppPermission","28","28","0","Same row count"
"dbo","AppSqlRole","36","36","0","Same row count"
"dbo","AppSqlRoleGrant","0","0","0","Same row count"
"dbo","Ar_AlloySurcharge_History","0","0","0","Same row count"
"dbo","Ar_AllQuotes_History","0","0","0","Same row count"
"dbo","Ar_AllQuotes_Old","0","0","0","Same row count"
"dbo","Ar_BrokerLst_Detail_History","0","0","0","Same row count"
"dbo","Ar_BrokerLst_Master_history","0","0","0","Same row count"
"dbo","Ar_BrokerLst_Process_Detail_History","0","0","0","Same row count"
"dbo","Ar_BrokerLst_Process_GS_History","0","0","0","Same row count"
"dbo","Ar_BrokerLst_Process_History","0","0","0","Same row count"
"dbo","Ar_Cert_History","0","0","0","Same row count"
"dbo","Ar_GFMlog_hist","0","0","0","Same row count"
"dbo","Ar_LakeErie_log_hist","0","0","0","Same row count"
"dbo","Ar_PackingSlip","0","0","0","Same row count"
"dbo","Ar_PackingSlip_No","0","0","0","Same row count"
"dbo","Ar_PriceTable_hist","0","0","0","Same row count"
"dbo","Ar_PurchaseOrder_hist","0","0","0","Same row count"
"dbo","Ar_Receiving_Hist","0","0","0","Same row count"
"dbo","Ar_Roll_log_hist","0","0","0","Same row count"
"dbo","Ar_Sales_History","0","0","0","Same row count"
"dbo","Ar_Sales_No_History","0","0","0","Same row count"
"dbo","Ar_SalesP_Customer_History","0","0","0","Same row count"
"dbo","Ar_ShipAddr_History","0","0","0","Same row count"
"dbo","Ar_Stocklst_Detail_History","0","0","0","Same row count"
"dbo","Ar_Stocklst_Master_History","0","0","0","Same row count"
"dbo","Ar_StockLst_Process_Detail_History","0","0","0","Same row count"
"dbo","Ar_StockLst_Process_GS_History","0","0","0","Same row count"
"dbo","Ar_StockLst_Process_History","0","0","0","Same row count"
"dbo","Ar_TimeTable_Hist","0","0","0","Same row count"
"dbo","Ar_UserTrack_History","0","0","0","Same row count"
"dbo","Ar_UserTrack_Old","0","0","0","Same row count"
"dbo","Ar_WIPlst_Detail_History","0","0","0","Same row count"
"dbo","Ar_WIPLst_Master_History","0","0","0","Same row count"
"dbo","Ar_WIPLst_Process_Detail_History","0","0","0","Same row count"
"dbo","Ar_WIPLst_Process_GS_History","0","0","0","Same row count"
"dbo","Ar_WIPLst_Process_History","0","0","0","Same row count"
"dbo","Board_Full","0","0","0","Same row count"
"dbo","BrokerLst_Detail","0","0","0","Same row count"
"dbo","BrokerLst_Detail_Inserted","0","0","0","Same row count"
"dbo","BrokerLst_Master","0","0","0","Same row count"
"dbo","BrokerLst_Master_Inserted","0","0","0","Same row count"
"dbo","BrokerLst_Process","0","0","0","Same row count"
"dbo","BrokerLst_Process_Detail","0","0","0","Same row count"
"dbo","BrokerLst_Process_Grab","0","0","0","Same row count"
"dbo","BrokerLst_Process_Orig","0","0","0","Same row count"
"dbo","BrokerLst_Process_Recvd","0","0","0","Same row count"
"dbo","Cert","0","0","0","Same row count"
"dbo","Cert_co","0","0","0","Same row count"
"dbo","Cert_Conf","0","0","0","Same row count"
"dbo","Cert_Conf_No","0","0","0","Same row count"
"dbo","Cert_RC_profile","0","0","0","Same row count"
"dbo","CompanyCertPdf","0","0","0","Same row count"
"dbo","CompanyCertSigner","0","0","0","Same row count"
"dbo","CompanyPlant","4","4","0","Same row count"
"dbo","CompanyProfile","1","1","0","Same row count"
"dbo","ConditionCode","25","25","0","Same row count"
"dbo","ConditionCodeAdjust","1","1","0","Same row count"
"dbo","ConditionLevel","41","41","0","Same row count"
"dbo","Conversion_log","0","0","0","Same row count"
"dbo","Countries","223","223","0","Same row count"
"dbo","CreditCd","0","0","0","Same row count"
"dbo","Customer_Discount","0","0","0","Same row count"
"dbo","CUSTOMER_LIST","0","0","0","Same row count"
"dbo","Customer_List_call","0","0","0","Same row count"
"dbo","Customer_List_Notes","0","0","0","Same row count"
"dbo","DDLEvents","0","0","0","Same row count"
"dbo","District","51","51","0","Same row count"
"dbo","District_SalesP","50","50","0","Same row count"
"dbo","District_St","51","51","0","Same row count"
"dbo","Draw_Dies","0","0","0","Same row count"
"dbo","Draw_log","0","0","0","Same row count"
"dbo","Draw_log_Detail","0","0","0","Same row count"
"dbo","Draw_log_old","0","0","0","Same row count"
"dbo","Draw_Sched","0","0","0","Same row count"
"dbo","EmailService_Credentials","0","0","0","Same row count"
"dbo","EmailService_Email","0","0","0","Same row count"
"dbo","EmailService_Email_Log","0","0","0","Same row count"
"dbo","EmailService_EmailMatchExceptions","0","0","0","Same row count"
"dbo","EmailService_SalesUsers","0","0","0","Same row count"
"dbo","EmailService_SalesUsers_Schedule","0","0","0","Same row count"
"dbo","EmailService_Type","0","0","0","Same row count"
"dbo","Employee","0","0","0","Same row count"
"dbo","EquipmentMachinePartAssociation","0","0","0","Same row count"
"dbo","EquipmentMachineType","0","0","0","Same row count"
"dbo","EquipmentPartHours","0","0","0","Same row count"
"dbo","EquipmentPartItems","0","0","0","Same row count"
"dbo","EquipmentParts","0","0","0","Same row count"
"dbo","EquipmentPartSwapDates","0","0","0","Same row count"
"dbo","ErrorLog","0","0","0","Same row count"
"dbo","ForecastStock","0","0","0","Same row count"
"dbo","Forms","33","33","0","Same row count"
"dbo","GFM_Die_Condition","0","0","0","Same row count"
"dbo","GFM_Die_Daily","0","0","0","Same row count"
"dbo","GFM_Die_Height","0","0","0","Same row count"
"dbo","GFM_Die_Inspection","0","0","0","Same row count"
"dbo","GFM_Die_Inventory","0","0","0","Same row count"
"dbo","GFM_Die_Landing","0","0","0","Same row count"
"dbo","GFM_Die_On_OT","0","0","0","Same row count"
"dbo","GFM_Die_Range","0","0","0","Same row count"
"dbo","GFM_Die_Repair","0","0","0","Same row count"
"dbo","GFM_DieSets","0","0","0","Same row count"
"dbo","GFM_DieSets_Condition","0","0","0","Same row count"
"dbo","GFM_DieSets_Condition_Definition","0","0","0","Same row count"
"dbo","GFM_DieSets_Height","0","0","0","Same row count"
"dbo","GFM_DieSets_Inspection","0","0","0","Same row count"
"dbo","GFM_DieSets_Inspection_Employees","0","0","0","Same row count"
"dbo","GFM_DieSets_LandingSize","0","0","0","Same row count"
"dbo","GFM_DieSets_Machine_Type_Map","0","0","0","Same row count"
"dbo","GFM_DieSets_Repair","0","0","0","Same row count"
"dbo","GFM_DieSets_RunTimeLogs","0","0","0","Same row count"
"dbo","GFM_DieSets_Types","0","0","0","Same row count"
"dbo","GFM_DieSets_WorkLevel","0","0","0","Same row count"
"dbo","GFM_Hard_CMS","0","0","0","Same row count"
"dbo","GFM_Machines","2","2","0","Same row count"
"dbo","GFM_Machines_Operational_CalcValues","0","0","0","Same row count"
"dbo","GFM_Machines_Type_Map","0","0","0","Same row count"
"dbo","GFMlog","0","0","0","Same row count"
"dbo","GFMlog_Detail","0","0","0","Same row count"
"dbo","GFMlog_Stats","0","0","0","Same row count"
"dbo","Hardness","186","186","0","Same row count"
"dbo","Hardwood","17","17","0","Same row count"
"dbo","HT_log","0","0","0","Same row count"
"dbo","HubSpot","0","0","0","Same row count"
"dbo","IND_Type","18","18","0","Same row count"
"dbo","Invoice_DEL","0","0","0","Same row count"
"dbo","JobPasses","0","0","0","Same row count"
"dbo","Jobs","0","0","0","Same row count"
"dbo","Lading","0","0","0","Same row count"
"dbo","LakeErie_log","0","0","0","Same row count"
"dbo","LMA_Log","0","0","0","Same row count"
"dbo","Log_Charts","0","0","0","Same row count"
"dbo","Mach_Detail","0","0","0","Same row count"
"dbo","Mach_Shop","0","0","0","Same row count"
"dbo","Mach_Type","23","23","0","Same row count"
"dbo","McMaster_CrossTab","0","0","0","Same row count"
"dbo","McMaster_Inquire","0","0","0","Same row count"
"dbo","McMaster_Quotes","0","0","0","Same row count"
"dbo","McMaster_Stock","0","0","0","Same row count"
"dbo","McMaster_WL","0","0","0","Same row count"
"dbo","Melt_Type","6","6","0","Same row count"
"dbo","MTR_Loc","0","0","0","Same row count"
"dbo","NR_AddressTwo_Data","0","0","0","Same row count"
"dbo","NR_AddressTwo_Group","0","0","0","Same row count"
"dbo","NR_AlloyCodeLevel","0","0","0","Same row count"
"dbo","NR_CW_Matrix","0","0","0","Same row count"
"dbo","NR_DBMail_Resend_Log","0","0","0","Same row count"
"dbo","NR_email_DoNotUse","0","0","0","Same row count"
"dbo","NR_email_Marketing","0","0","0","Same row count"
"dbo","NR_EmailTracker","0","0","0","Same row count"
"dbo","NR_GFM_N60_fact","0","0","0","Same row count"
"dbo","NR_GlobalSpec","0","0","0","Same row count"
"dbo","NR_MachineTrackingDetail","0","0","0","Same row count"
"dbo","NR_MachineTrackingSensors","0","0","0","Same row count"
"dbo","NR_MachineTrackingSummary","0","0","0","Same row count"
"dbo","NR_MachineTrackingWeb600","0","0","0","Same row count"
"dbo","NR_OT","0","0","0","Same row count"
"dbo","NR_OT_Employee","0","0","0","Same row count"
"dbo","NR_OT_Employee_OT_Time","0","0","0","Same row count"
"dbo","NR_OT_EmployeeJobTime","0","0","0","Same row count"
"dbo","NR_OT_Maintenance","0","0","0","Same row count"
"dbo","NR_OT_Time","0","0","0","Same row count"
"dbo","NR_Sales_Summary","0","0","0","Same row count"
"dbo","NR_Sales_Summary_ps","0","0","0","Same row count"
"dbo","NR_Sales_YrSum_10Yr","0","0","0","Same row count"
"dbo","NR_Stock_YrSum","0","0","0","Same row count"
"dbo","NR_StockLst_Totals","0","0","0","Same row count"
"dbo","NR_VendorFile","0","0","0","Same row count"
"dbo","NR_Web_Inquiry","0","0","0","Same row count"
"dbo","NR_Web_Inquiry_Items","0","0","0","Same row count"
"dbo","NR_web_User_Group","0","0","0","Same row count"
"dbo","NR_Web_User_Info","0","0","0","Same row count"
"dbo","NR_WebQuoteTracker","0","0","0","Same row count"
"dbo","NR_WebQuoteTracker_New","0","0","0","Same row count"
"dbo","OT","0","0","0","Same row count"
"dbo","OT_Job","0","0","0","Same row count"
"dbo","OT_Job_Class","7","7","0","Same row count"
"dbo","OT_Job_Sched","0","0","0","Same row count"
"dbo","OT_OrderType","17","17","0","Same row count"
"dbo","OT_Times","0","0","0","Same row count"
"dbo","OT_Times_Employees","0","0","0","Same row count"
"dbo","OT_Times_Status","0","0","0","Same row count"
"dbo","OT_Total","0","0","0","Same row count"
"dbo","PackingSlip","0","0","0","Same row count"
"dbo","PackingSlip_No","0","0","0","Same row count"
"dbo","PMI","0","0","0","Same row count"
"dbo","PO_Item_Notes","0","0","0","Same row count"
"dbo","PO_No","0","0","0","Same row count"
"dbo","PO_ProcessNotes","0","0","0","Same row count"
"dbo","PO_SOdist","0","0","0","Same row count"
"dbo","PO_StockLst_Def","25","25","0","Same row count"
"dbo","PO_Testing","0","0","0","Same row count"
"dbo","POstatusDef","5","5","0","Same row count"
"dbo","prc_Equipment","31","31","0","Same row count"
"dbo","prc_Equipment_Extra_Barcodes","7","7","0","Same row count"
"dbo","prc_ScanName","18","18","0","Same row count"
"dbo","PriceTable","0","0","0","Same row count"
"dbo","PriceTable_Change","0","0","0","Same row count"
"dbo","Production","0","0","0","Same row count"
"dbo","Production_RunTime_Categories","0","0","0","Same row count"
"dbo","Production_RunTime_Log_Settings","0","0","0","Same row count"
"dbo","Production_RunTime_Logs","0","0","0","Same row count"
"dbo","Production_RunTime_Stages","0","0","0","Same row count"
"dbo","Production_RunTimes","0","0","0","Same row count"
"dbo","Profile_Names","0","0","0","Same row count"
"dbo","PU","10","10","0","Same row count"
"dbo","PurchaseOrder","0","0","0","Same row count"
"dbo","QA_Control_of_Documents","0","0","0","Same row count"
"dbo","QA_Control_of_Records","0","0","0","Same row count"
"dbo","QA_CP_Action","0","0","0","Same row count"
"dbo","QA_CP_Action_Disposition_Type","0","0","0","Same row count"
"dbo","QA_CP_Action_PO_Items","0","0","0","Same row count"
"dbo","QA_CP_Action_Prevention_Type","0","0","0","Same row count"
"dbo","QA_CP_Action_Reporting_Source","0","0","0","Same row count"
"dbo","QA_CP_Action_RootCauseSource_OrgDept","0","0","0","Same row count"
"dbo","QA_CP_Action_SO_Items","0","0","0","Same row count"
"dbo","QA_Disposition_Types","0","0","0","Same row count"
"dbo","QA_Equip_Cal_Maint","0","0","0","Same row count"
"dbo","QA_Inspection_Statistical_Sampling","0","0","0","Same row count"
"dbo","QA_Internal_Audit","0","0","0","Same row count"
"dbo","QA_Management_Review","0","0","0","Same row count"
"dbo","QA_Management_Review_Employee","0","0","0","Same row count"
"dbo","QA_Management_Review_Process","0","0","0","Same row count"
"dbo","QA_Material_Testing_Certification","0","0","0","Same row count"
"dbo","QA_Org_Dept","0","0","0","Same row count"
"dbo","QA_Packaging_Shipping","0","0","0","Same row count"
"dbo","QA_Packaging_Shipping_SOItem","0","0","0","Same row count"
"dbo","QA_Prevention_Types","0","0","0","Same row count"
"dbo","QA_Process","0","0","0","Same row count"
"dbo","QA_ProcessHistory","0","0","0","Same row count"
"dbo","QA_Reporting_Source","0","0","0","Same row count"
"dbo","QA_RootCause_Source","0","0","0","Same row count"
"dbo","Quote_No","18","18","0","Same row count"
"dbo","Quote_No_addr","0","0","0","Same row count"
"dbo","Quote_No_AQID","0","0","0","Same row count"
"dbo","Quote_Services","0","0","0","Same row count"
"dbo","Quote_temp","0","0","0","Same row count"
"dbo","Quotes_PMI","0","0","0","Same row count"
"dbo","QuoteSheet","0","0","0","Same row count"
"dbo","Receiving","0","0","0","Same row count"
"dbo","Recollect_Cert_Loc","0","0","0","Same row count"
"dbo","RMA","0","0","0","Same row count"
"dbo","RMA_Detail","0","0","0","Same row count"
"dbo","RMA_Receive","0","0","0","Same row count"
"dbo","Roll_log","0","0","0","Same row count"
"dbo","rtr","0","0","0","Same row count"
"dbo","rtr_Detail","0","0","0","Same row count"
"dbo","rtr_Detail_OT","0","0","0","Same row count"
"dbo","rtr_Machine","152","152","0","Same row count"
"dbo","rtr_Operation","48","48","0","Same row count"
"dbo","rtr_Production-test","0","0","0","Same row count"
"dbo","rtr_Schedule","0","0","0","Same row count"
"dbo","SageIntacct_Invoices","0","0","0","Same row count"
"dbo","Sales","0","0","0","Same row count"
"dbo","Sales_Detail","0","0","0","Same row count"
"dbo","Sales_Detail_PackingSlip","0","0","0","Same row count"
"dbo","Sales_Detail_Sum","0","0","0","Same row count"
"dbo","Sales_Hold_Status","0","0","0","Same row count"
"dbo","Sales_Invoice","0","0","0","Same row count"
"dbo","Sales_Item_Detail","0","0","0","Same row count"
"dbo","Sales_No","0","0","0","Same row count"
"dbo","Sales_No_Chng","0","0","0","Same row count"
"dbo","Sales_No_Rev","0","0","0","Same row count"
"dbo","Sales_PS","0","0","0","Same row count"
"dbo","Sales_Status","0","0","0","Same row count"
"dbo","Sales_Stock","0","0","0","Same row count"
"dbo","SalesP_Customer","0","0","0","Same row count"
"dbo","Scan_Code","11","11","0","Same row count"
"dbo","Ship","0","0","0","Same row count"
"dbo","ShipAddr","0","0","0","Same row count"
"dbo","ShipAddrCode","0","0","0","Same row count"
"dbo","ShippingList","0","0","0","Same row count"
"dbo","ShippingList_Archive","0","0","0","Same row count"
"dbo","ShippingList_Holds","0","0","0","Same row count"
"dbo","ShippingList_Items","0","0","0","Same row count"
"dbo","ShippingList_Items_Archive","0","0","0","Same row count"
"dbo","SO_BoilerPlate","0","0","0","Same row count"
"dbo","SO_ProcessNotes","0","0","0","Same row count"
"dbo","SOitem_Hrs","0","0","0","Same row count"
"dbo","SOitem_X","0","0","0","Same row count"
"dbo","Sold_Ship","0","0","0","Same row count"
"dbo","SoldAddr","0","0","0","Same row count"
"dbo","SoldAddrCode","0","0","0","Same row count"
"dbo","SOmax","0","0","0","Same row count"
"dbo","SourcePH","789","789","0","Same row count"
"dbo","Sources","5725","5725","0","Same row count"
"dbo","Spec_Check","122","122","0","Same row count"
"dbo","Spec_tol","2692","2692","0","Same row count"
"dbo","StandardSize","299","299","0","Same row count"
"dbo","STAR_DatePeriod","0","0","0","Same row count"
"dbo","STAR_Inventory","0","0","0","Same row count"
"dbo","STAR_Inventory_StockChanges","0","0","0","Same row count"
"dbo","STAR_Locations","0","0","0","Same row count"
"dbo","STAR_Rewards","0","0","0","Same row count"
"dbo","STAR_Tiers","0","0","0","Same row count"
"dbo","STAR_User_Location","0","0","0","Same row count"
"dbo","StartingStock","0","0","0","Same row count"
"dbo","Stock_Projected","0","0","0","Same row count"
"dbo","Stock_Receiving","0","0","0","Same row count"
"dbo","Stock_Recv_Process","0","0","0","Same row count"
"dbo","Stock_SELE_Process","0","0","0","Same row count"
"dbo","StockLst_Definition","0","0","0","Same row count"
"dbo","StockLst_Detail","0","0","0","Same row count"
"dbo","StockLst_Detail_Inserted","0","0","0","Same row count"
"dbo","StockLst_Location","0","0","0","Same row count"
"dbo","Stocklst_Master","0","0","0","Same row count"
"dbo","StockLst_Master_50CC","0","0","0","Same row count"
"dbo","StockLst_Master_Inserted","0","0","0","Same row count"
"dbo","StockLst_Mins","0","0","0","Same row count"
"dbo","StockLst_Process","0","0","0","Same row count"
"dbo","StockLst_Process_Detail","0","0","0","Same row count"
"dbo","StockLst_Process_Grab","0","0","0","Same row count"
"dbo","StockLst_Process_ID_def","0","0","0","Same row count"
"dbo","StockLst_Process_Recvd","0","0","0","Same row count"
"dbo","StockLst_Value","0","0","0","Same row count"
"dbo","StockLst_Wants","0","0","0","Same row count"
"dbo","StockLst_Writeoff","0","0","0","Same row count"
"dbo","SupplierQuotes","0","0","0","Same row count"
"dbo","Survey","0","0","0","Same row count"
"dbo","Survey_Assignment_ContactInfos","0","0","0","Same row count"
"dbo","Survey_Assignment_CorrectiveAction_ActionStatus_Def","0","0","0","Same row count"
"dbo","Survey_Assignment_CorrectiveAction_Communications","0","0","0","Same row count"
"dbo","Survey_Assignment_CorrectiveActions","0","0","0","Same row count"
"dbo","Survey_Assignment_Type_Def","0","0","0","Same row count"
"dbo","Survey_Assignments","0","0","0","Same row count"
"dbo","Survey_Question_Options","0","0","0","Same row count"
"dbo","Survey_Question_Responses","0","0","0","Same row count"
"dbo","Survey_Question_Type_Def","0","0","0","Same row count"
"dbo","Survey_Questions","0","0","0","Same row count"
"dbo","Swage_Log","0","0","0","Same row count"
"dbo","Swage_Log_Detail","0","0","0","Same row count"
"dbo","TC_Replacement_Employees","0","0","0","Same row count"
"dbo","TC_Replacement_Employees_Status","0","0","0","Same row count"
"dbo","TC_Replacement_Employees_Times","0","0","0","Same row count"
"dbo","TC_Replacement_Employees_Times_ActivityDefinition","0","0","0","Same row count"
"dbo","Testing_log","0","0","0","Same row count"
"dbo","ThermalCoupleName","0","0","0","Same row count"
"dbo","ThermalCoupleUse","0","0","0","Same row count"
"dbo","TimeTable","0","0","0","Same row count"
"dbo","TimeTableMaster","0","0","0","Same row count"
"dbo","TimeTableNotes","0","0","0","Same row count"
"dbo","UPSshiproute","106","106","0","Same row count"
"dbo","UPSStdShiproute","114","114","0","Same row count"
"dbo","UPSTracking","0","0","0","Same row count"
"dbo","UserTrack","0","0","0","Same row count"
"dbo","UTlog","0","0","0","Same row count"
"dbo","Vendor","0","0","0","Same row count"
"dbo","Vendor_AuditLog","0","0","0","Same row count"
"dbo","Vendor_Invoice","0","0","0","Same row count"
"dbo","Vendor_Invoice_Detail","0","0","0","Same row count"
"dbo","Vendor_Invoice_POitem","0","0","0","Same row count"
"dbo","Vendor_Invoice_Receive","0","0","0","Same row count"
"dbo","VendorConflictMineralsFree","0","0","0","Same row count"
"dbo","VendorContact","0","0","0","Same row count"
"dbo","VendorQualitySurvey","0","0","0","Same row count"
"dbo","WaterJet","0","0","0","Same row count"
"dbo","WaterJetCostingFormData","0","0","0","Same row count"
"dbo","WaterJetMachineHours","0","0","0","Same row count"
"dbo","WaterJetMachineHours_Detail","0","0","0","Same row count"
"dbo","WaterJetMachines","0","0","0","Same row count"
"dbo","Weight_Flanges","411","411","0","Same row count"
"dbo","WIPLst_D_Ext","0","0","0","Same row count"
"dbo","WIPLst_Detail","0","0","0","Same row count"
"dbo","WIPLst_Detail_Inserted","0","0","0","Same row count"
"dbo","WIPLst_M_Ext","0","0","0","Same row count"
"dbo","WIPLst_Master","0","0","0","Same row count"
"dbo","WIPLst_Master_Inserted","0","0","0","Same row count"
"dbo","WIPLst_Process","0","0","0","Same row count"
"dbo","WIPLst_Process_Detail","0","0","0","Same row count"
"dbo","WIPLst_Process_Grab","0","0","0","Same row count"
"dbo","WIPLst_Process_Orig","0","0","0","Same row count"
"dbo","WIPLst_Process_Recvd","0","0","0","Same row count"
"dbo","Wire_Dies","0","0","0","Same row count"
"dbo","Wire_log","0","0","0","Same row count"
"dbo","WireTransfers","0","0","0","Same row count"
"dbo","WO_OutSource","0","0","0","Same row count"
"dbo","WOD_Orders","0","0","0","Same row count"
"dbo","WOD_POitem","0","0","0","Same row count"
"dbo","WorkOrder","0","0","0","Same row count"
"dbo","WorkOrder_Detail","0","0","0","Same row count"
"dbo","WorkOrder_Notes","0","0","0","Same row count"
"dbo","WorkOrder_Stock","0","0","0","Same row count"
"dbo","wPipe","125","125","0","Same row count"
